No,Tahapan,Deskripsi,Tools/Libraries,Output
1,1. Requirement & Planning,"Tentukan requirement: symbol, timeframe, indikator yg digunakan, fitur top-down analysis, support/resistance kuat","Notepad, diagram tools (draw.io, Lucidchart)","Document requirement lengkap, flowchart sistem"
2,2. Environment Setup,"Install Python 3.14, libraries (yfinance/tvDatafeed, pandas, numpy, trendln, lightweight-charts, pandas_ta)","Python 3.14, pip, virtualenv/conda","Environment siap, semua library terinstall"
3,3. Data Acquisition Module,"Buat modul untuk fetch data historis OHLCV dari API (Yahoo Finance, Binance, Alpha Vantage, atau TradingView)","yfinance, tvDatafeed, ccxt, requests, alpha_vantage",Data OHLCV historis tersimpan di DataFrame
4,4. Data Processing & Storage,"Simpan data ke struktur DataFrame pandas, dengan index datetime, kolom: Open, High, Low, Close, Volume","pandas, numpy, sqlite3/PostgreSQL (optional)","Data terstruktur rapi, siap analisis"
5,5. Technical Indicators Module,"Hitung indikator: SMA/EMA (20,50,200), RSI, MACD, Fibonacci Retracement, Volume Profile, Pivot Points","pandas_ta, TA-Lib, custom functions",DataFrame dengan kolom indikator tambahan
6,6. Multi-Timeframe Analysis Engine,"Resample data ke berbagai timeframe (Weekly, Daily, 4H, 1H), overlay indikator di setiap timeframe","pandas resample, custom timeframe mapping",Dictionary/DataFrame multi-timeframe data
7,7. Support/Resistance Detection,"Deteksi level support/resistance otomatis: algoritma wick panjang, pivot points, frekuensi pengujian level","trendln, pytrendline, custom algorithm (wick detection)",List level support & resistance dengan strength rating
8,8. Trendline Average Calculation,Hitung trendline average (SMA/EMA) sebagai dynamic support/resistance & identifikasi fase trend,"pandas rolling, numpy polyfit",Kolom trendline SMA/EMA di DataFrame
9,9. Signal Generation Module,"Generate sinyal trading berdasar konfirmasi multi-timeframe, confluence zone, dan indikator tambahan","Custom logic, rule-based or ML model",DataFrame dengan kolom sinyal (buy/sell/hold)
10,10. Chart Visualization (UI),"Visualisasi chart TradingView-style dengan lightweight-charts-python, overlay indikator & level S/R","lightweight-charts-python, matplotlib (backup)",Chart interaktif TradingView-style di browser
11,11. Real-time Data Handler,"Integrasi WebSocket atau REST API untuk update data real-time, refresh chart otomatis","websocket-client, asyncio, threading","Data real-time streaming, chart update otomatis"
12,12. Event-Driven Architecture,Implementasi event-driven system: setiap data baru/sinyal trigger event handler untuk logging & action,"Python Queue, threading, event handlers","Event log, modular system, easy debugging"
13,13. Risk Management Module,"Implementasi risk management: posisi sizing, stop loss, take profit, max drawdown limit, leverage control","Custom module, position tracking","Position management, auto stop-loss/take-profit"
14,14. Testing & Quality Assurance,"Unit testing (pytest), integration testing (API response), backtesting (strategi), security audit (API keys)","pytest, unittest, backtesting.py","Test report, backtest result, bug fixed"
15,15. Deployment & Monitoring,"Deploy ke server (AWS/GCP/VPS), setup monitoring (logging, alerts), automated restart on failure","Docker, systemd, AWS EC2, logging (loguru)","Aplikasi live 24/7, monitoring dashboard"
